ep_number,video_id,video_url,title,speaker,subtitle_mode,lang,txt_path
1,XWWEGyi2lwM,https://www.youtube.com/watch?v=XWWEGyi2lwM,"Meu Imóvel Rural ferramenta para autonomia","Carlos Mário Guedes de Guedes - INCRA",auto,pt,"downloads/redeauroraater/#001 - Meu Imóvel Rural ferramenta para autonomia {Carlos Mário Guedes de Guedes - INCRA}.txt"
2,WLsLdgfN5JM,https://www.youtube.com/watch?v=WLsLdgfN5JM,"Extensão universitária para o desenvolvimento de destino de cicloturismo","Clarice Bastarz - UFPR",auto,pt,"downloads/redeauroraater/#002 - Extensão universitária para o desenvolvimento de destino de cicloturismo {Clarice Bastarz - UFPR}.txt"
3,767OxutU0I4,https://www.youtube.com/watch?v=767OxutU0I4,"O uso das redes sociais como ferramenta de aprendizagem junto aos agricultores familiares","Renato Antônio da Silva - Emater/RN",auto,pt,"downloads/redeauroraater/#003 - O uso das redes sociais como ferramenta de aprendizagem junto aos agricultores familiares {Renato Antônio da Silva - Emater-RN}.txt"
4,V2vmGx1j6Ck,https://www.youtube.com/watch?v=V2vmGx1j6Ck,"A experiência de formação em Extensão Rural e Agroecologia","Nina Paula Ferreira Laranjeira - UnB",auto,pt,"downloads/redeauroraater/#004 - A experiência de formação em Extensão Rural e Agroecologia {Nina Paula Ferreira Laranjeira - UnB}.txt"
5,buowq0S7-xE,https://www.youtube.com/watch?v=buowq0S7-xE,"Promovendo a digitalização inclusiva na Amazônia Paraense","Denis Rodrigues de Oliveira",auto,pt,"downloads/redeauroraater/#005 - Promovendo a digitalização inclusiva na Amazônia Paraense {Denis Rodrigues de Oliveira}.txt"
6,p8WNd6rhxno,https://www.youtube.com/watch?v=p8WNd6rhxno,"Ater pública frente à digitalização na agricultura: construção e perspectivas","Alice Alcântara",auto,pt,"downloads/redeauroraater/#006 - Ater pública frente à digitalização na agricultura- construção e perspectivas {Alice Alcântara}.txt"
8,Jz8QTrKGMMI,https://www.youtube.com/watch?v=Jz8QTrKGMMI,"O uso de redes sociais pela agricultura familiar para ampliar a comercialização","Livio Sergio Dias Claudino (Unifesspa) e Graciele dos Prazeres Pustilnik (UFRGS)",auto,pt,"downloads/redeauroraater/#008 - O uso de redes sociais pela agricultura familiar para ampliar a comercialização {Livio Sergio Dias Claudino (Unifesspa) e Graciele dos Prazeres Pustilnik (UFRGS)}.txt"
9,Ooht7sdX5Ts,https://www.youtube.com/watch?v=Ooht7sdX5Ts,"Avaliando os efeitos da Extensão Rural na produtividade em um sistema pluralista","Adauto B. Rocha Junior - Universidade de Missoure",auto,pt,"downloads/redeauroraater/#009 - Avaliando os efeitos da Extensão Rural na produtividade em um sistema pluralista {Adauto B. Rocha Junior - Universidade de Missoure}.txt"
10,ilfn593UOlw,https://www.youtube.com/watch?v=ilfn593UOlw,"Inteligência coletiva na Agricultura: como a IA fortalece a colaboração entre campo e laboratório","Carlos Catalão Alves - Nova FCSH",auto,pt,"downloads/redeauroraater/#010 - Inteligência coletiva na Agricultura- como a IA fortalece a colaboração entre campo e laboratório {Carlos Catalão Alves - Nova FCSH}.txt"
11,avCGvUHjBpc,https://www.youtube.com/watch?v=avCGvUHjBpc,"A linguagem clara como estratégia de extensão rural, em Portugal","Cristina Nobre Soares – Comunicação Clara de Ciência",auto,pt,"downloads/redeauroraater/#011 - A linguagem clara como estratégia de extensão rural, em Portugal {Cristina Nobre Soares – Comunicação Clara de Ciência}.txt"
12,EaI5702vijc,https://www.youtube.com/watch?v=EaI5702vijc,"Desafios da Extensão Rural Contemporânea","Thiago Vasconcelos Melo - UFVJM",auto,pt,"downloads/redeauroraater/#012 - Desafios da Extensão Rural Contemporânea {Thiago Vasconcelos Melo - UFVJM}.txt"
14,KT7qnCzvdnc,https://www.youtube.com/watch?v=KT7qnCzvdnc,"Agricultura urbana: o caso exitoso de Maringá","Ednaldo Michellon – DAG/UEM",auto,pt,"downloads/redeauroraater/#014 - Agricultura urbana- o caso exitoso de Maringá {Ednaldo Michellon – DAG-UEM}.txt"
15,SXdCNI8zBQc,https://www.youtube.com/watch?v=SXdCNI8zBQc,"Transformando a Extensão Rural: Projeto Piloto Epagri e ATER+ Digital","Humberto Bicca Neto (EPAGRI)",auto,pt,"downloads/redeauroraater/#015 - Transformando a Extensão Rural- Projeto Piloto Epagri e ATER+ Digital {Humberto Bicca Neto (EPAGRI)}.txt"
16,uv9GJrGyjrs,https://www.youtube.com/watch?v=uv9GJrGyjrs,"Extensão universitária e sustentabilidade em rede: a experiência do assentamento rural Itamarati","Juliana Carrijo",auto,pt,"downloads/redeauroraater/#016 - Extensão universitária e sustentabilidade em rede- a experiência do assentamento rural Itamarati {Juliana Carrijo}.txt"
17,gvXA0MC-Oyc,https://www.youtube.com/watch?v=gvXA0MC-Oyc,"Construindo caminhos para a criação agroecológica de animais","Juliana Vieira Paz – Yamandú Agroecologia",auto,pt,"downloads/redeauroraater/#017 - Construindo caminhos para a criação agroecológica de animais {Juliana Vieira Paz – Yamandú Agroecologia}.txt"
18,bhRDIRkoLwE,https://www.youtube.com/watch?v=bhRDIRkoLwE,"Plataforma Ater+ Digital: Hubs desenvolvidos pela Embrapa Meio Ambiente","Luciano Lourenço Nass (Embrapa)",auto,pt,"downloads/redeauroraater/#018 - Plataforma Ater+ Digital- Hubs desenvolvidos pela Embrapa Meio Ambiente {Luciano Lourenço Nass (Embrapa)}.txt"
19,3I4kSaD1sNs,https://www.youtube.com/watch?v=3I4kSaD1sNs,"Uso das mídias digitais na ATER","Flavia Maria de Oliveira Ott (EPAGRI), Filipe Espíndola (EPAGRI) e Leandro Correia Ebert (EMATER/RS-Ascar)",auto,pt,"downloads/redeauroraater/#019 - Uso das mídias digitais na ATER {Flavia Maria de Oliveira Ott (EPAGRI), Filipe Espíndola (EPAGRI) e Leandro Correia Ebert (EMATER-RS-Ascar)}.txt"
20,GTeFj6ZTJ7Q,https://www.youtube.com/watch?v=GTeFj6ZTJ7Q,"Desenvolvimento rural em tempos de transformação: desafios e possibilidades","Cidonea Machado Deponti - UNISC",auto,pt,"downloads/redeauroraater/#020 - Desenvolvimento rural em tempos de transformação- desafios e possibilidades {Cidonea Machado Deponti - UNISC}.txt"
21,OrJJhkyK_d4,https://www.youtube.com/watch?v=OrJJhkyK_d4,"PAS Nordeste e as Redes Territoriais de ATER","Jose Humberto Oliveira - IICA",auto,pt,"downloads/redeauroraater/#021 - PAS Nordeste e as Redes Territoriais de ATER {Jose Humberto Oliveira - IICA}.txt"
22,4-fNOfi7AwU,https://www.youtube.com/watch?v=4-fNOfi7AwU,"Perspectivas digitais para a ATER: digitalização, letramento digital, autodeclaração e p. públicas","Mário Lucio de Avila - Programa de Pós-Graduação em Meio Ambiente e Desenvolvimento Rural (MADER-UnB)",auto,pt,"downloads/redeauroraater/#022 - Perspectivas digitais para a ATER- digitalização, letramento digital, autodeclaração e p. públicas {Mário Lucio de Avila - Programa de Pós-Graduação em Meio Ambiente e Desenvolvimento Rural (MADER-UnB)}.txt"
23,GP4ZtB5TmZQ,https://www.youtube.com/watch?v=GP4ZtB5TmZQ,"Semeando mensagens, colhendo diálogos: a comunicação rural e o uso do WhatsApp","Gabriel Arroyo - Universidade de Araraquara",auto,pt,"downloads/redeauroraater/#023 - Semeando mensagens, colhendo diálogos- a comunicação rural e o uso do WhatsApp {Gabriel Arroyo - Universidade de Araraquara}.txt"
24,OmEJCAXaBlg,https://www.youtube.com/watch?v=OmEJCAXaBlg,"Segurança Alimentar e Qualidade de Vida contribuições do Pila Verde e Pila Azul","Tiago Gorski Lacerda - Santiago/RS",auto,pt,"downloads/redeauroraater/#024 - Segurança Alimentar e Qualidade de Vida contribuições do Pila Verde e Pila Azul {Tiago Gorski Lacerda - Santiago-RS}.txt"
1,XWWEGyi2lwM,https://www.youtube.com/watch?v=XWWEGyi2lwM,"Meu Imóvel Rural ferramenta para autonomia","Carlos Mário Guedes de Guedes - INCRA",auto,pt,"downloads/redeauroraater/#001 - Meu Imóvel Rural ferramenta para autonomia {Carlos Mário Guedes de Guedes - INCRA}.txt"
2,WLsLdgfN5JM,https://www.youtube.com/watch?v=WLsLdgfN5JM,"Extensão universitária para o desenvolvimento de destino de cicloturismo","Clarice Bastarz - UFPR",auto,pt,"downloads/redeauroraater/#002 - Extensão universitária para o desenvolvimento de destino de cicloturismo {Clarice Bastarz - UFPR}.txt"
3,767OxutU0I4,https://www.youtube.com/watch?v=767OxutU0I4,"O uso das redes sociais como ferramenta de aprendizagem junto aos agricultores familiares","Renato Antônio da Silva - Emater/RN",auto,pt,"downloads/redeauroraater/#003 - O uso das redes sociais como ferramenta de aprendizagem junto aos agricultores familiares {Renato Antônio da Silva - Emater-RN}.txt"
4,V2vmGx1j6Ck,https://www.youtube.com/watch?v=V2vmGx1j6Ck,"A experiência de formação em Extensão Rural e Agroecologia","Nina Paula Ferreira Laranjeira - UnB",auto,pt,"downloads/redeauroraater/#004 - A experiência de formação em Extensão Rural e Agroecologia {Nina Paula Ferreira Laranjeira - UnB}.txt"
5,buowq0S7-xE,https://www.youtube.com/watch?v=buowq0S7-xE,"Promovendo a digitalização inclusiva na Amazônia Paraense","Denis Rodrigues de Oliveira",auto,pt,"downloads/redeauroraater/#005 - Promovendo a digitalização inclusiva na Amazônia Paraense {Denis Rodrigues de Oliveira}.txt"
6,p8WNd6rhxno,https://www.youtube.com/watch?v=p8WNd6rhxno,"Ater pública frente à digitalização na agricultura: construção e perspectivas","Alice Alcântara",auto,pt,"downloads/redeauroraater/#006 - Ater pública frente à digitalização na agricultura- construção e perspectivas {Alice Alcântara}.txt"
7,Jz8QTrKGMMI,https://www.youtube.com/watch?v=Jz8QTrKGMMI,"O uso de redes sociais pela agricultura familiar para ampliar a comercialização","Livio Sergio Dias Claudino (Unifesspa) e Graciele dos Prazeres Pustilnik (UFRGS)",auto,pt,"downloads/redeauroraater/#007 - O uso de redes sociais pela agricultura familiar para ampliar a comercialização {Livio Sergio Dias Claudino (Unifesspa) e Graciele dos Prazeres Pustilnik (UFRGS)}.txt"
8,Ooht7sdX5Ts,https://www.youtube.com/watch?v=Ooht7sdX5Ts,"Avaliando os efeitos da Extensão Rural na produtividade em um sistema pluralista","Adauto B. Rocha Junior - Universidade de Missoure",auto,pt,"downloads/redeauroraater/#008 - Avaliando os efeitos da Extensão Rural na produtividade em um sistema pluralista {Adauto B. Rocha Junior - Universidade de Missoure}.txt"
9,ilfn593UOlw,https://www.youtube.com/watch?v=ilfn593UOlw,"Inteligência coletiva na Agricultura: como a IA fortalece a colaboração entre campo e laboratório","Carlos Catalão Alves - Nova FCSH",auto,pt,"downloads/redeauroraater/#009 - Inteligência coletiva na Agricultura- como a IA fortalece a colaboração entre campo e laboratório {Carlos Catalão Alves - Nova FCSH}.txt"
10,avCGvUHjBpc,https://www.youtube.com/watch?v=avCGvUHjBpc,"A linguagem clara como estratégia de extensão rural, em Portugal","Cristina Nobre Soares – Comunicação Clara de Ciência",auto,pt,"downloads/redeauroraater/#010 - A linguagem clara como estratégia de extensão rural, em Portugal {Cristina Nobre Soares – Comunicação Clara de Ciência}.txt"
11,EaI5702vijc,https://www.youtube.com/watch?v=EaI5702vijc,"Desafios da Extensão Rural Contemporânea","Thiago Vasconcelos Melo - UFVJM",auto,pt,"downloads/redeauroraater/#011 - Desafios da Extensão Rural Contemporânea {Thiago Vasconcelos Melo - UFVJM}.txt"
12,KT7qnCzvdnc,https://www.youtube.com/watch?v=KT7qnCzvdnc,"Agricultura urbana: o caso exitoso de Maringá","Ednaldo Michellon – DAG/UEM",auto,pt,"downloads/redeauroraater/#012 - Agricultura urbana- o caso exitoso de Maringá {Ednaldo Michellon – DAG-UEM}.txt"
13,SXdCNI8zBQc,https://www.youtube.com/watch?v=SXdCNI8zBQc,"Transformando a Extensão Rural: Projeto Piloto Epagri e ATER+ Digital","Humberto Bicca Neto (EPAGRI)",auto,pt,"downloads/redeauroraater/#013 - Transformando a Extensão Rural- Projeto Piloto Epagri e ATER+ Digital {Humberto Bicca Neto (EPAGRI)}.txt"
14,uv9GJrGyjrs,https://www.youtube.com/watch?v=uv9GJrGyjrs,"Extensão universitária e sustentabilidade em rede: a experiência do assentamento rural Itamarati","Juliana Carrijo",auto,pt,"downloads/redeauroraater/#014 - Extensão universitária e sustentabilidade em rede- a experiência do assentamento rural Itamarati {Juliana Carrijo}.txt"
15,gvXA0MC-Oyc,https://www.youtube.com/watch?v=gvXA0MC-Oyc,"Construindo caminhos para a criação agroecológica de animais","Juliana Vieira Paz – Yamandú Agroecologia",auto,pt,"downloads/redeauroraater/#015 - Construindo caminhos para a criação agroecológica de animais {Juliana Vieira Paz – Yamandú Agroecologia}.txt"
16,bhRDIRkoLwE,https://www.youtube.com/watch?v=bhRDIRkoLwE,"Plataforma Ater+ Digital: Hubs desenvolvidos pela Embrapa Meio Ambiente","Luciano Lourenço Nass (Embrapa)",auto,pt,"downloads/redeauroraater/#016 - Plataforma Ater+ Digital- Hubs desenvolvidos pela Embrapa Meio Ambiente {Luciano Lourenço Nass (Embrapa)}.txt"
17,3I4kSaD1sNs,https://www.youtube.com/watch?v=3I4kSaD1sNs,"Uso das mídias digitais na ATER","Flavia Maria de Oliveira Ott (EPAGRI), Filipe Espíndola (EPAGRI) e Leandro Correia Ebert (EMATER/RS-Ascar)",auto,pt,"downloads/redeauroraater/#017 - Uso das mídias digitais na ATER {Flavia Maria de Oliveira Ott (EPAGRI), Filipe Espíndola (EPAGRI) e Leandro Correia Ebert (EMATER-RS-Ascar)}.txt"
18,GTeFj6ZTJ7Q,https://www.youtube.com/watch?v=GTeFj6ZTJ7Q,"Desenvolvimento rural em tempos de transformação: desafios e possibilidades","Cidonea Machado Deponti - UNISC",auto,pt,"downloads/redeauroraater/#018 - Desenvolvimento rural em tempos de transformação- desafios e possibilidades {Cidonea Machado Deponti - UNISC}.txt"
19,OrJJhkyK_d4,https://www.youtube.com/watch?v=OrJJhkyK_d4,"PAS Nordeste e as Redes Territoriais de ATER","Jose Humberto Oliveira - IICA",auto,pt,"downloads/redeauroraater/#019 - PAS Nordeste e as Redes Territoriais de ATER {Jose Humberto Oliveira - IICA}.txt"
20,4-fNOfi7AwU,https://www.youtube.com/watch?v=4-fNOfi7AwU,"Perspectivas digitais para a ATER: digitalização, letramento digital, autodeclaração e p. públicas","Mário Lucio de Avila - Programa de Pós-Graduação em Meio Ambiente e Desenvolvimento Rural (MADER-UnB)",auto,pt,"downloads/redeauroraater/#020 - Perspectivas digitais para a ATER- digitalização, letramento digital, autodeclaração e p. públicas {Mário Lucio de Avila - Programa de Pós-Graduação em Meio Ambiente e Desenvolvimento Rural (MADER-UnB)}.txt"
21,GP4ZtB5TmZQ,https://www.youtube.com/watch?v=GP4ZtB5TmZQ,"Semeando mensagens, colhendo diálogos: a comunicação rural e o uso do WhatsApp","Gabriel Arroyo - Universidade de Araraquara",auto,pt,"downloads/redeauroraater/#021 - Semeando mensagens, colhendo diálogos- a comunicação rural e o uso do WhatsApp {Gabriel Arroyo - Universidade de Araraquara}.txt"
22,OmEJCAXaBlg,https://www.youtube.com/watch?v=OmEJCAXaBlg,"Segurança Alimentar e Qualidade de Vida contribuições do Pila Verde e Pila Azul","Tiago Gorski Lacerda - Santiago/RS",auto,pt,"downloads/redeauroraater/#022 - Segurança Alimentar e Qualidade de Vida contribuições do Pila Verde e Pila Azul {Tiago Gorski Lacerda - Santiago-RS}.txt"
23,mxxvhRNuobQ,https://www.youtube.com/watch?v=mxxvhRNuobQ,"Caminhadas Internacional na Natureza Extensão Rural como protagonista do turismo","Monique Chaves – Emater/RS-Ascar",auto,pt,"downloads/redeauroraater/#023 - Caminhadas Internacional na Natureza Extensão Rural como protagonista do turismo {Monique Chaves – Emater-RS-Ascar}.txt"
24,upu1HEnvGRA,https://www.youtube.com/watch?v=upu1HEnvGRA,"Ações da Extensão Rural impactos das chuvas, cheias e estiagem no Rio Grande do Sul","Katiule Pereira Morais – Emater/RS-Ascar",auto,pt,"downloads/redeauroraater/#024 - Ações da Extensão Rural impactos das chuvas, cheias e estiagem no Rio Grande do Sul {Katiule Pereira Morais – Emater-RS-Ascar}.txt"
25,sTEJFU7Jmvg,https://www.youtube.com/watch?v=sTEJFU7Jmvg,"A cidadania alimentar para a transformação dos sistemas alimentares","Gustavo Pinto da Silva",auto,pt,"downloads/redeauroraater/#025 - A cidadania alimentar para a transformação dos sistemas alimentares {Gustavo Pinto da Silva}.txt"
26,n88jNHcE4bo,https://www.youtube.com/watch?v=n88jNHcE4bo,"A educação em saúde na prevenção da Cria Pútrida Americana","Miriam Sayuri Sassaki",auto,pt,"downloads/redeauroraater/#026 - A educação em saúde na prevenção da Cria Pútrida Americana {Miriam Sayuri Sassaki}.txt"
27,4iSUMoci9JI,https://www.youtube.com/watch?v=4iSUMoci9JI,"Avaliação do Balanço da PNATER 2023 2024   DATER MDA","Marcus Peixoto",auto,pt,"downloads/redeauroraater/#027 - Avaliação do Balanço da PNATER 2023 2024 DATER MDA {Marcus Peixoto}.txt"
28,TnnR_SB41Cc,https://www.youtube.com/watch?v=TnnR_SB41Cc,"Ações com PCDs na Extensão Social","Flávia Maria de Oliveira Ott – Epagri",auto,pt,"downloads/redeauroraater/#028 - Ações com PCDs na Extensão Social {Flávia Maria de Oliveira Ott – Epagri}.txt"
29,uSUtmuU1awY,https://www.youtube.com/watch?v=uSUtmuU1awY,"Sistema Asbraer para formação de extensionistas e uso de tecnologia no campo","Luciano Brandão – Asbraer",auto,pt,"downloads/redeauroraater/#029 - Sistema Asbraer para formação de extensionistas e uso de tecnologia no campo {Luciano Brandão – Asbraer}.txt"
30,2h00rmcaZi0,https://www.youtube.com/watch?v=2h00rmcaZi0,"ATERS com povos tradicionais quilombolas do RS","Regina da Silva Miranda– Emater/RS-Ascar",auto,pt,"downloads/redeauroraater/#030 - ATERS com povos tradicionais quilombolas do RS {Regina da Silva Miranda– Emater-RS-Ascar}.txt"
31,Q_3Ridp-wuw,https://www.youtube.com/watch?v=Q_3Ridp-wuw,"Desafios e oportunidades da produção orgânica na agricultura familiar","Gilmar Francisco Vione – Emater/RS-Ascar",auto,pt,"downloads/redeauroraater/#031 - Desafios e oportunidades da produção orgânica na agricultura familiar {Gilmar Francisco Vione – Emater-RS-Ascar}.txt"
32,MCWArS77pK8,https://www.youtube.com/watch?v=MCWArS77pK8,"Homeopatia como ferramenta de saúde e qualidade de vida no campo","Doriana Gozzi Miotto – Emater/RS-Ascar",auto,pt,"downloads/redeauroraater/#032 - Homeopatia como ferramenta de saúde e qualidade de vida no campo {Doriana Gozzi Miotto – Emater-RS-Ascar}.txt"
33,ppNW5gkBxJo,https://www.youtube.com/watch?v=ppNW5gkBxJo,"Tecnologia da Informação e Agricultura Familiar potências e desafios","Mauricio Leonard de Souza – UFOP",auto,pt,"downloads/redeauroraater/#033 - Tecnologia da Informação e Agricultura Familiar potências e desafios {Mauricio Leonard de Souza – UFOP}.txt"
34,aFWfhRy6xg8,https://www.youtube.com/watch?v=aFWfhRy6xg8,"Metodologias participativas na Extensão Rural no contexto do Semiárido Brasileiro","Helder Ribeiro Freitas – UNIVASF",auto,pt,"downloads/redeauroraater/#034 - Metodologias participativas na Extensão Rural no contexto do Semiárido Brasileiro {Helder Ribeiro Freitas – UNIVASF}.txt"
35,XSO6Yjk2Xxo,https://www.youtube.com/watch?v=XSO6Yjk2Xxo,"A construção do conhecimento em ATER feminista e agroecológica no Nordeste do Brasil","Laeticia Medeiros Jalil - UFRPE -  Serra Talhada",auto,pt,"downloads/redeauroraater/#035 - A construção do conhecimento em ATER feminista e agroecológica no Nordeste do Brasil {Laeticia Medeiros Jalil - UFRPE - Serra Talhada}.txt"
36,kbojPeBY1js,https://www.youtube.com/watch?v=kbojPeBY1js,"Plano de vida rural ATER digital e inovações em negócios de impacto socioambiental","Sebastião Pereira de Faria Júnior – MDS Saúde Animal",auto,pt,"downloads/redeauroraater/#036 - Plano de vida rural ATER digital e inovações em negócios de impacto socioambiental {Sebastião Pereira de Faria Júnior – MDS Saúde Animal}.txt"
37,DEs45k8vcoA,https://www.youtube.com/watch?v=DEs45k8vcoA,"Experiência de ater de qualidade na pandemia","Diego Adilio da Silva – EPAGRI/SC",auto,pt,"downloads/redeauroraater/#037 - Experiência de ater de qualidade na pandemia {Diego Adilio da Silva – EPAGRI-SC}.txt"
38,_M9K_iyyZlE,https://www.youtube.com/watch?v=_M9K_iyyZlE,"Continuidade ou fim da Extensão Rural pública Um cenário de disputas","Marines Rosali Bock – EMATER/RS-ASCAR",auto,pt,"downloads/redeauroraater/#038 - Continuidade ou fim da Extensão Rural pública Um cenário de disputas {Marines Rosali Bock – EMATER-RS-ASCAR}.txt"
39,pA6XEW9vmIs,https://www.youtube.com/watch?v=pA6XEW9vmIs,"A Escola Família Agrícola e sua contribuição para o desenvolvimento do Campo","Adair Pozzebon – EFASC",auto,pt,"downloads/redeauroraater/#039 - A Escola Família Agrícola e sua contribuição para o desenvolvimento do Campo {Adair Pozzebon – EFASC}.txt"
40,xxLctM8UBNQ,https://www.youtube.com/watch?v=xxLctM8UBNQ,"Ações de extensão e o impacto das ferramentas digitais","Cláudia Bernardini – EMATER/RS",auto,pt,"downloads/redeauroraater/#040 - Ações de extensão e o impacto das ferramentas digitais {Cláudia Bernardini – EMATER-RS}.txt"
41,NxppqHQeXeA,https://www.youtube.com/watch?v=NxppqHQeXeA,"Ater, ferramentas digitais e agricultura familiar quem controla quem","Carlos Mário Guedes de Guedes",auto,pt,"downloads/redeauroraater/#041 - Ater, ferramentas digitais e agricultura familiar quem controla quem {Carlos Mário Guedes de Guedes}.txt"
42,QHUf2v0mvxU,https://www.youtube.com/watch?v=QHUf2v0mvxU,"A Agroecologia e o conhecimento na Agricultura Familiar","João Carlos Costa Gomes – Embrapa Clima Temperado",auto,pt,"downloads/redeauroraater/#042 - A Agroecologia e o conhecimento na Agricultura Familiar {João Carlos Costa Gomes – Embrapa Clima Temperado}.txt"
43,l9VforaCiXY,https://www.youtube.com/watch?v=l9VforaCiXY,"Tem na rua, tem na roça a apropriação do telefone celular pelas famílias de agricultores","Tamires Lopes Pereira",auto,pt,"downloads/redeauroraater/#043 - Tem na rua, tem na roça a apropriação do telefone celular pelas famílias de agricultores {Tamires Lopes Pereira}.txt"
44,x5Itz6OJuoY,https://www.youtube.com/watch?v=x5Itz6OJuoY,"Parâmetros da ATER Digital no Brasil","Rede Aurora",auto,pt,"downloads/redeauroraater/#044 - Parâmetros da ATER Digital no Brasil {Rede Aurora}.txt"
45,Uq5629k-rz0,https://www.youtube.com/watch?v=Uq5629k-rz0,"História e perspectivas futuras da Extensão Rural Social","Luana Lucas Alves – EMATER/RS-ASCAR",auto,pt,"downloads/redeauroraater/#045 - História e perspectivas futuras da Extensão Rural Social {Luana Lucas Alves – EMATER-RS-ASCAR}.txt"
46,MrYhdEQxbBo,https://www.youtube.com/watch?v=MrYhdEQxbBo,"Lamparina tecnologia digital, violência e mulheres rurais","Lorena Lima de Moraes",auto,pt,"downloads/redeauroraater/#046 - Lamparina tecnologia digital, violência e mulheres rurais {Lorena Lima de Moraes}.txt"
47,tjCtdJCjyYI,https://www.youtube.com/watch?v=tjCtdJCjyYI,"Plataforma Ater+ Digital conteúdos e ferramentas para extensionistas e agricultores","Rodrigo Montalvão Ferraz",auto,pt,"downloads/redeauroraater/#047 - Plataforma Ater+ Digital conteúdos e ferramentas para extensionistas e agricultores {Rodrigo Montalvão Ferraz}.txt"
48,3JPJJiV7FyM,https://www.youtube.com/watch?v=3JPJJiV7FyM,"Agricultura digital adoção e difusão entre produtores rurais","Maíra de Souza Regis",auto,pt,"downloads/redeauroraater/#048 - Agricultura digital adoção e difusão entre produtores rurais {Maíra de Souza Regis}.txt"
49,9Bhifd-NixA,https://www.youtube.com/watch?v=9Bhifd-NixA,"ÉdoCampo – uma oportunidade para a comercialização on line de produtos rurais","Rhamillye Bartels Van de Pol",auto,pt,"downloads/redeauroraater/#049 - ÉdoCampo – uma oportunidade para a comercialização on line de produtos rurais {Rhamillye Bartels Van de Pol}.txt"
50,mO31S3AHyYY,https://www.youtube.com/watch?v=mO31S3AHyYY,"Análise da usabilidade de portais de internet de órgãos públicos de ATER digital","Luiz Egidio Costa Cunha",auto,pt,"downloads/redeauroraater/#050 - Análise da usabilidade de portais de internet de órgãos públicos de ATER digital {Luiz Egidio Costa Cunha}.txt"
51,-__fYP18s3U,https://www.youtube.com/watch?v=-__fYP18s3U,"A psicologia em contextos rurais","Joice Schneider Marmentini",auto,pt,"downloads/redeauroraater/#051 - A psicologia em contextos rurais {Joice Schneider Marmentini}.txt"
52,xbMSQDjAjyk,https://www.youtube.com/watch?v=xbMSQDjAjyk,"Grãos orgânicos em escala viabilidade, desafios e oportunidades","Benjamin Dias Osório Filho – UERGS",auto,pt,"downloads/redeauroraater/#052 - Grãos orgânicos em escala viabilidade, desafios e oportunidades {Benjamin Dias Osório Filho – UERGS}.txt"
53,zKto41VfB_M,https://www.youtube.com/watch?v=zKto41VfB_M,"A importância da produção de dados qualitativos e quantitativos na Extensão Rural","Claudio Fernando Lucca da Cunha – Emater/RS",auto,pt,"downloads/redeauroraater/#053 - A importância da produção de dados qualitativos e quantitativos na Extensão Rural {Claudio Fernando Lucca da Cunha – Emater-RS}.txt"
54,V8OMy6xUNMo,https://www.youtube.com/watch?v=V8OMy6xUNMo,"Educação Sanitária, o canal de diálogo entre o Serviço de Defesa Agropecuária e a comunidade","Clovis Thadeu Rabello Improta – CIDASC",auto,pt,"downloads/redeauroraater/#054 - Educação Sanitária, o canal de diálogo entre o Serviço de Defesa Agropecuária e a comunidade {Clovis Thadeu Rabello Improta – CIDASC}.txt"
55,ls9ZD7y82r8,https://www.youtube.com/watch?v=ls9ZD7y82r8,"Mexpar do analógico ao digital como ser extensionista em um mundo cada vez mais complexo e dinâmico","Luciana Maria Rocha Teixeira – Emater/MG",auto,pt,"downloads/redeauroraater/#055 - Mexpar do analógico ao digital como ser extensionista em um mundo cada vez mais complexo e dinâmico {Luciana Maria Rocha Teixeira – Emater-MG}.txt"
56,xXhkBfocyD8,https://www.youtube.com/watch?v=xXhkBfocyD8,"Centro de Ciência para o Desenvolvimento em Agricultura Digital","Thiago Teixeira Santos – Embrapa Agricultura Digital",auto,pt,"downloads/redeauroraater/#056 - Centro de Ciência para o Desenvolvimento em Agricultura Digital {Thiago Teixeira Santos – Embrapa Agricultura Digital}.txt"
57,7W9MMTOn2RE,https://www.youtube.com/watch?v=7W9MMTOn2RE,"Sucessão familiar em propriedades agropecuárias","Antonio Waldimir Leopoldino da Silva – UDESC",auto,pt,"downloads/redeauroraater/#057 - Sucessão familiar em propriedades agropecuárias {Antonio Waldimir Leopoldino da Silva – UDESC}.txt"
58,SDwrcwquV9w,https://www.youtube.com/watch?v=SDwrcwquV9w,"Extensão rural entre a necessidade e a realidade possível, caminhos possíveis","Lauro Edilso Bernardi – Emater/ASCAR-RS",auto,pt,"downloads/redeauroraater/#058 - Extensão rural entre a necessidade e a realidade possível, caminhos possíveis {Lauro Edilso Bernardi – Emater-ASCAR-RS}.txt"
59,q_oUZysNIcg,https://www.youtube.com/watch?v=q_oUZysNIcg,"A Formação do Extensionista Rural","Tarcísio Samborski – Instituto Federal Farroupilha/RS- Campus Santo Augusto",auto,pt,"downloads/redeauroraater/#059 - A Formação do Extensionista Rural {Tarcísio Samborski – Instituto Federal Farroupilha-RS- Campus Santo Augusto}.txt"
60,dyobkQZ6Ymc,https://www.youtube.com/watch?v=dyobkQZ6Ymc,"Desafios e perspectivas da extensão no contexto das múltiplas transições do sistema agroalimentar","Sergio Schneider – UFRGS",auto,pt,"downloads/redeauroraater/#060 - Desafios e perspectivas da extensão no contexto das múltiplas transições do sistema agroalimentar {Sergio Schneider – UFRGS}.txt"
61,R9dGSSfPldo,https://www.youtube.com/watch?v=R9dGSSfPldo,"Agricultura Familiar Delivery projeto de extensão da Uergs em Cachoeira do Sul","Chaiane Leal Agne – UERGS – Campus de Cachoeira do Sul/RS",auto,pt,"downloads/redeauroraater/#061 - Agricultura Familiar Delivery projeto de extensão da Uergs em Cachoeira do Sul {Chaiane Leal Agne – UERGS – Campus de Cachoeira do Sul-RS}.txt"
62,60kJR8Sftrs,https://www.youtube.com/watch?v=60kJR8Sftrs,"e Campo  plataforma de capacitações on line da Embrapa","Aline Branquinho Silva – EMBRAPA",auto,pt,"downloads/redeauroraater/#062 - e Campo plataforma de capacitações on line da Embrapa {Aline Branquinho Silva – EMBRAPA}.txt"
63,OHAqiv3L4vM,https://www.youtube.com/watch?v=OHAqiv3L4vM,"Formação por alternância na sucessão rural","Luis Pedro Hillesheim – URI",auto,pt,"downloads/redeauroraater/#063 - Formação por alternância na sucessão rural {Luis Pedro Hillesheim – URI}.txt"
64,ffkD9IR1oEg,https://www.youtube.com/watch?v=ffkD9IR1oEg,"Metodologias clássicas da Extensão Rural e a ATER Digital","Anna Cristina Xavier – Emater/RS",auto,pt,"downloads/redeauroraater/#064 - Metodologias clássicas da Extensão Rural e a ATER Digital {Anna Cristina Xavier – Emater-RS}.txt"
65,j5P8_l0vFk4,https://www.youtube.com/watch?v=j5P8_l0vFk4,"O social na Extensão Rural um olhar para o passado e perspectivas de futuro","Clelia Cecilia Lovato Brum – Emater/RS-Ascar – Aposentada",auto,pt,"downloads/redeauroraater/#065 - O social na Extensão Rural um olhar para o passado e perspectivas de futuro {Clelia Cecilia Lovato Brum – Emater-RS-Ascar – Aposentada}.txt"
66,Sb06pc3iwhw,https://www.youtube.com/watch?v=Sb06pc3iwhw,"Velhos e novos desafios para a Extensão Rural do futuro","Paulo Roberto Cardoso da Silveira – Universidade Federal do Pampa – Campus de Itaqui",auto,pt,"downloads/redeauroraater/#066 - Velhos e novos desafios para a Extensão Rural do futuro {Paulo Roberto Cardoso da Silveira – Universidade Federal do Pampa – Campus de Itaqui}.txt"
67,nUWZCDztDzE,https://www.youtube.com/watch?v=nUWZCDztDzE,"A Formação do Extensionista Rural: Extensão Rural 7.0: uma visão sistêmica","Antônio Marchiori – Associação Paulista de Extensão Rural (APAER-SP)",auto,pt,"downloads/redeauroraater/#067 - A Formação do Extensionista Rural- Extensão Rural 7.0- uma visão sistêmica {Antônio Marchiori – Associação Paulista de Extensão Rural (APAER-SP)}.txt"
68,p2aGQjEynHc,https://www.youtube.com/watch?v=p2aGQjEynHc,"Agroecologia da teoria a prática o papel da Extensão Rural no desenvolvimento de experiências","Rosiéle Cristiane Ludtke – Associação FlorESer Agroecológico",auto,pt,"downloads/redeauroraater/#068 - Agroecologia da teoria a prática o papel da Extensão Rural no desenvolvimento de experiências {Rosiéle Cristiane Ludtke – Associação FlorESer Agroecológico}.txt"
69,Fux2c7gd1HY,https://www.youtube.com/watch?v=Fux2c7gd1HY,"Geografias e Extensão Rural a prática extensionista apreendida enquanto prática espacial","Raphael Fernando Diniz – Docente do Departamento de Geografia e do Programa de Pós-Graduação em Geografia (PPGEOG) da Universidade Federal do Amazonas (UFAM)",auto,pt,"downloads/redeauroraater/#069 - Geografias e Extensão Rural a prática extensionista apreendida enquanto prática espacial {Raphael Fernando Diniz – Docente do Departamento de Geografia e do Programa de Pós-Graduação em Geografia (PPGEOG) da Universidade Federal do Amazonas (UFAM)}.txt"
70,v_M9Yitw3w4,https://www.youtube.com/watch?v=v_M9Yitw3w4,"A Formação do Extensionista Rural: Extensão Rural 7.0: uma visão sistêmica","Antônio Marchiori – Associação Paulista de Extensão Rural (APAER-SP)",auto,pt,"downloads/redeauroraater/#070 - A Formação do Extensionista Rural- Extensão Rural 7.0- uma visão sistêmica {Antônio Marchiori – Associação Paulista de Extensão Rural (APAER-SP)}.txt"
71,kc9IsF3k7Jg,https://www.youtube.com/watch?v=kc9IsF3k7Jg,"O ensino por alternância pode ajudar na capacitação do extensionista que queremos?","Gelson Pelegrini – Universidade Regional Integrada do Alto Uruguai e das Missões, Campus de Frederico Westphalen.",auto,pt,"downloads/redeauroraater/#071 - O ensino por alternância pode ajudar na capacitação do extensionista que queremos- {Gelson Pelegrini – Universidade Regional Integrada do Alto Uruguai e das Missões, Campus de Frederico Westphalen.}.txt"
72,cFMoQ_QySv0,https://www.youtube.com/watch?v=cFMoQ_QySv0,"Reflexões de uma ATER Digital participativa e dialógica para cafeicultoras idosas","Mariana de Carvalho Araújo - UFSCAR",auto,pt,"downloads/redeauroraater/#072 - Reflexões de uma ATER Digital participativa e dialógica para cafeicultoras idosas {Mariana de Carvalho Araújo - UFSCAR}.txt"
73,CHJdm445caw,https://www.youtube.com/watch?v=CHJdm445caw,"Ater além do digital  explorando ferramentas digitais para potencializar a extensão no campo","Rede Aurora",auto,pt,"downloads/redeauroraater/#073 - Ater além do digital explorando ferramentas digitais para potencializar a extensão no campo {Rede Aurora}.txt"
74,rJK6IrzENGQ,https://www.youtube.com/watch?v=rJK6IrzENGQ,"Panorama e desafios do ensino de Extensão Rural no Brasil","Laila Mayara Drebes – Universidade Federal do Sul e Sudeste do Pará, Instituto de Ciências Humanas",auto,pt,"downloads/redeauroraater/#074 - Panorama e desafios do ensino de Extensão Rural no Brasil {Laila Mayara Drebes – Universidade Federal do Sul e Sudeste do Pará, Instituto de Ciências Humanas}.txt"
75,UmJdqrOUnAo,https://www.youtube.com/watch?v=UmJdqrOUnAo,"Mulheres do Cacau  experiências de ATER Digital com mulheres rurais do Espírito Santo","Rede Aurora",auto,pt,"downloads/redeauroraater/#075 - Mulheres do Cacau experiências de ATER Digital com mulheres rurais do Espírito Santo {Rede Aurora}.txt"
76,JhYMXegwwsQ,https://www.youtube.com/watch?v=JhYMXegwwsQ,"Importância de se montar uma equipe multidisciplinar para uma Ater digital participativa","Rede Aurora",auto,pt,"downloads/redeauroraater/#076 - Importância de se montar uma equipe multidisciplinar para uma Ater digital participativa {Rede Aurora}.txt"
77,Ro29xXVcKVE,https://www.youtube.com/watch?v=Ro29xXVcKVE,"Elementos da Comunicação na Ater digital #redeaurora","Rede Aurora",auto,pt,"downloads/redeauroraater/#077 - Elementos da Comunicação na Ater digital #redeaurora {Rede Aurora}.txt"
78,_-l54HqKIm8,https://www.youtube.com/watch?v=_-l54HqKIm8,"Linguagem e comunicação para o campo #redeaurora","Rede Aurora",auto,pt,"downloads/redeauroraater/#078 - Linguagem e comunicação para o campo #redeaurora {Rede Aurora}.txt"
79,L3lRa89qBRc,https://www.youtube.com/watch?v=L3lRa89qBRc,"Prática da escuta do técnico-educador nos processos de transferência de tecnologias #redeaurora","Rede Aurora",auto,pt,"downloads/redeauroraater/#079 - Prática da escuta do técnico-educador nos processos de transferência de tecnologias #redeaurora {Rede Aurora}.txt"
80,I87fXNtdSzg,https://www.youtube.com/watch?v=I87fXNtdSzg,"Vantagens da Ater digital na produção rural #redeaurora","Rede Aurora",auto,pt,"downloads/redeauroraater/#080 - Vantagens da Ater digital na produção rural #redeaurora {Rede Aurora}.txt"
81,wiq8r66JdEs,https://www.youtube.com/watch?v=wiq8r66JdEs,"Comunicação digital na Ater dialógica #redeaurora","Rede Aurora",auto,pt,"downloads/redeauroraater/#081 - Comunicação digital na Ater dialógica #redeaurora {Rede Aurora}.txt"
82,fwG64tBeGNA,https://www.youtube.com/watch?v=fwG64tBeGNA,"Extensionista rural como educador #educador #agricultura #agricultura #redeaurora #aterdigital","Rede Aurora",auto,pt,"downloads/redeauroraater/#082 - Extensionista rural como educador #educador #agricultura #agricultura #redeaurora #aterdigital {Rede Aurora}.txt"
83,Rdjv9G9CH1w,https://www.youtube.com/watch?v=Rdjv9G9CH1w,"Posturas dialógicas para técnico-educador #redeaurora","Rede Aurora",auto,pt,"downloads/redeauroraater/#083 - Posturas dialógicas para técnico-educador #redeaurora {Rede Aurora}.txt"
84,OfwUmOL2-kU,https://www.youtube.com/watch?v=OfwUmOL2-kU,"Diálogos digitais as organizações brasileiras de ater e as ações de comunicação via internet","Carolina Darcie– CATI-SP",auto,pt,"downloads/redeauroraater/#084 - Diálogos digitais as organizações brasileiras de ater e as ações de comunicação via internet {Carolina Darcie– CATI-SP}.txt"
85,qWWhdKS-lpM,https://www.youtube.com/watch?v=qWWhdKS-lpM,"Extensionista conectado: o desafio do serviço de ATER na promoção da Inovação e da sustentabidade.","Rede Aurora",auto,pt,"downloads/redeauroraater/#085 - Extensionista conectado- o desafio do serviço de ATER na promoção da Inovação e da sustentabidade. {Rede Aurora}.txt"
86,nkzcM4IByB0,https://www.youtube.com/watch?v=nkzcM4IByB0,"Diversidade cultural/linguística são desafios para extensionista em Moçambique #extensãorural #agro","Rede Aurora",auto,pt,"downloads/redeauroraater/#086 - Diversidade cultural-linguística são desafios para extensionista em Moçambique #extensãorural #agro {Rede Aurora}.txt"
87,K2s5mn3EO5k,https://www.youtube.com/watch?v=K2s5mn3EO5k,"O agricultor familiar e os aplicativos móveis fatores que afetam o uso da tecnologia no campo","Rede Aurora",auto,pt,"downloads/redeauroraater/#087 - O agricultor familiar e os aplicativos móveis fatores que afetam o uso da tecnologia no campo {Rede Aurora}.txt"
88,CjSpSzmOBMk,https://www.youtube.com/watch?v=CjSpSzmOBMk,"Panorama da ATER e pesquisa agropecuária públicas e perspectivas para os próximos anos","Rede Aurora",auto,pt,"downloads/redeauroraater/#088 - Panorama da ATER e pesquisa agropecuária públicas e perspectivas para os próximos anos {Rede Aurora}.txt"
89,mZO0NUdoSQY,https://www.youtube.com/watch?v=mZO0NUdoSQY,"O papel da extensão rural na construção de políticas públicas voltadas à agricultura familiar","Rede Aurora",auto,pt,"downloads/redeauroraater/#089 - O papel da extensão rural na construção de políticas públicas voltadas à agricultura familiar {Rede Aurora}.txt"
90,DBSOF2mcbXQ,https://www.youtube.com/watch?v=DBSOF2mcbXQ,"A epistemologia extensionista e as nuances da emergência do pluralismo mercadológico","Rede Aurora",auto,pt,"downloads/redeauroraater/#090 - A epistemologia extensionista e as nuances da emergência do pluralismo mercadológico {Rede Aurora}.txt"
91,ioSrQ09inGo,https://www.youtube.com/watch?v=ioSrQ09inGo,"Vivências como metodologia de ensino da extensão rural a aproximação entre estudantes e agricultor","Rede Aurora",auto,pt,"downloads/redeauroraater/#091 - Vivências como metodologia de ensino da extensão rural a aproximação entre estudantes e agricultor {Rede Aurora}.txt"
92,MGZSDRVSEP4,https://www.youtube.com/watch?v=MGZSDRVSEP4,"Extensão rural no Brasil  há luz no final do túnel","Rede Aurora",auto,pt,"downloads/redeauroraater/#092 - Extensão rural no Brasil há luz no final do túnel {Rede Aurora}.txt"
93,p6zNHDtC2X4,https://www.youtube.com/watch?v=p6zNHDtC2X4,"Aproximação entre P&D e TT o estudo de caso do Balde Cheio","Rede Aurora",auto,pt,"downloads/redeauroraater/#093 - Aproximação entre P&D e TT o estudo de caso do Balde Cheio {Rede Aurora}.txt"
94,nEmhmNND6c4,https://www.youtube.com/watch?v=nEmhmNND6c4,"Desafios e perspectivas da ATER que queremos","Rede Aurora",auto,pt,"downloads/redeauroraater/#094 - Desafios e perspectivas da ATER que queremos {Rede Aurora}.txt"
95,vgQRIqGFfXc,https://www.youtube.com/watch?v=vgQRIqGFfXc,"ATER pública no Brasil cenário atual e perspectivas na visão dos trabalhadores e trabalhadoras","Rede Aurora",auto,pt,"downloads/redeauroraater/#095 - ATER pública no Brasil cenário atual e perspectivas na visão dos trabalhadores e trabalhadoras {Rede Aurora}.txt"
96,cRcXtkFQTws,https://www.youtube.com/watch?v=cRcXtkFQTws,"Estratégias e mudanças legais para a ampliação da oferta de serviços de ATER no Brasil","Rede Aurora",auto,pt,"downloads/redeauroraater/#096 - Estratégias e mudanças legais para a ampliação da oferta de serviços de ATER no Brasil {Rede Aurora}.txt"
97,a0DHQpBFw2U,https://www.youtube.com/watch?v=a0DHQpBFw2U,"Modernização do Programa Nacional de Educação Sanitária em Defesa Agropecuária - Proesa","Rede Aurora",auto,pt,"downloads/redeauroraater/#097 - Modernização do Programa Nacional de Educação Sanitária em Defesa Agropecuária - Proesa {Rede Aurora}.txt"
98,oCMOwMbL3PA,https://www.youtube.com/watch?v=oCMOwMbL3PA,"Lançamento do Livro – Caminhos e Olhares sobre a Ater Digital","Rede Aurora",auto,pt,"downloads/redeauroraater/#098 - Lançamento do Livro – Caminhos e Olhares sobre a Ater Digital {Rede Aurora}.txt"
99,NNpPVwA0fQ8,https://www.youtube.com/watch?v=NNpPVwA0fQ8,"O uso de tecnologias digitais de informação e comunicação na agricultura familiar em Moçambique","Rede Aurora",auto,pt,"downloads/redeauroraater/#099 - O uso de tecnologias digitais de informação e comunicação na agricultura familiar em Moçambique {Rede Aurora}.txt"
100,6ayMzAAAffA,https://www.youtube.com/watch?v=6ayMzAAAffA,"A tecnologia no campo frente ao multilinguismo Europeu","Rede Aurora",auto,pt,"downloads/redeauroraater/#100 - A tecnologia no campo frente ao multilinguismo Europeu {Rede Aurora}.txt"
101,u5VXQ-aXwec,https://www.youtube.com/watch?v=u5VXQ-aXwec,"Experiências em Ater Digital:  o compartilhar da Extensão Rural","Rede Aurora",auto,pt,"downloads/redeauroraater/#101 - Experiências em Ater Digital- o compartilhar da Extensão Rural {Rede Aurora}.txt"
102,LwiPbG2sJ34,https://www.youtube.com/watch?v=LwiPbG2sJ34,"I Colóquio Internacional sobre Ater Digital - Parte 2","Rede Aurora",auto,pt,"downloads/redeauroraater/#102 - I Colóquio Internacional sobre Ater Digital - Parte 2 {Rede Aurora}.txt"
103,BH3N5QQrpTg,https://www.youtube.com/watch?v=BH3N5QQrpTg,"Aplicativo Lazos: Projeto Mais Algodão da FAO (ONU) - Fernanda Scherer","Rede Aurora",auto,pt,"downloads/redeauroraater/#103 - Aplicativo Lazos- Projeto Mais Algodão da FAO (ONU) - Fernanda Scherer {Rede Aurora}.txt"
104,XG9RcElAbS8,https://www.youtube.com/watch?v=XG9RcElAbS8,"Direto ao ponto: Interação entre extensionistas e produtores rurais via WhatsApp - Carolina Darcie","Rede Aurora",auto,pt,"downloads/redeauroraater/#104 - Direto ao ponto- Interação entre extensionistas e produtores rurais via WhatsApp - Carolina Darcie {Rede Aurora}.txt"
105,nu8FY33ci_w,https://www.youtube.com/watch?v=nu8FY33ci_w,"Direto ao ponto: Ater Digital como incentivo aos jovens produtores rurais - Carolina Darcie","Rede Aurora",auto,pt,"downloads/redeauroraater/#105 - Direto ao ponto- Ater Digital como incentivo aos jovens produtores rurais - Carolina Darcie {Rede Aurora}.txt"
106,zC_l5vhUcW8,https://www.youtube.com/watch?v=zC_l5vhUcW8,"Direto ao ponto: Ater Digital com  WhatsApp na comunicação com o produtor rural - Carolina Darcie","Rede Aurora",auto,pt,"downloads/redeauroraater/#106 - Direto ao ponto- Ater Digital com WhatsApp na comunicação com o produtor rural - Carolina Darcie {Rede Aurora}.txt"
107,rCitS6m3WW8,https://www.youtube.com/watch?v=rCitS6m3WW8,"Direto ao ponto: Qualificação técnica na Ater Digital - Carolina Darcie","Rede Aurora",auto,pt,"downloads/redeauroraater/#107 - Direto ao ponto- Qualificação técnica na Ater Digital - Carolina Darcie {Rede Aurora}.txt"
108,WV2IBOyjfXw,https://www.youtube.com/watch?v=WV2IBOyjfXw,"Direto ao ponto: Ater Digital participativa e democrática - Carolina Darcie","Rede Aurora",auto,pt,"downloads/redeauroraater/#108 - Direto ao ponto- Ater Digital participativa e democrática - Carolina Darcie {Rede Aurora}.txt"
109,DD2LaJowmRQ,https://www.youtube.com/watch?v=DD2LaJowmRQ,"Direto ao ponto: Quem é o publico rural que acessa os meios digitais? - Carolina Darcie","Rede Aurora",auto,pt,"downloads/redeauroraater/#109 - Direto ao ponto- Quem é o publico rural que acessa os meios digitais- - Carolina Darcie {Rede Aurora}.txt"
110,QMiy-z3K5vI,https://www.youtube.com/watch?v=QMiy-z3K5vI,"A presença das organizações brasileiras de ATER na internet durante a pandemia - Carolina Darcie","Rede Aurora",auto,pt,"downloads/redeauroraater/#110 - A presença das organizações brasileiras de ATER na internet durante a pandemia - Carolina Darcie {Rede Aurora}.txt"
111,6rcw_rUmaTg,https://www.youtube.com/watch?v=6rcw_rUmaTg,"Direto ao ponto: Divulgação científica voltada ao público rural -  Jéssica Dayane Nunes Pessôa","Rede Aurora",auto,pt,"downloads/redeauroraater/#111 - Direto ao ponto- Divulgação científica voltada ao público rural - Jéssica Dayane Nunes Pessôa {Rede Aurora}.txt"
112,tlHIJswpzyY,https://www.youtube.com/watch?v=tlHIJswpzyY,"Divulgação científica voltada ao público rural -  Jéssica Dayane Nunes Pessôa","Rede Aurora",auto,pt,"downloads/redeauroraater/#112 - Divulgação científica voltada ao público rural - Jéssica Dayane Nunes Pessôa {Rede Aurora}.txt"
113,TFGbDL1RS7E,https://www.youtube.com/watch?v=TFGbDL1RS7E,"Direto ao ponto: Novas perspectivas para cadeias produtivas agroecológicas - Sergio Schneider","Rede Aurora",auto,pt,"downloads/redeauroraater/#113 - Direto ao ponto- Novas perspectivas para cadeias produtivas agroecológicas - Sergio Schneider {Rede Aurora}.txt"
114,h6miiP8BxWE,https://www.youtube.com/watch?v=h6miiP8BxWE,"Direto ao ponto: WhatsApp e mulheres produtoras de café em tempos de Covid 19 – Bianca Mayara Mendes","Rede Aurora",auto,pt,"downloads/redeauroraater/#114 - Direto ao ponto- WhatsApp e mulheres produtoras de café em tempos de Covid 19 – Bianca Mayara Mendes {Rede Aurora}.txt"
115,LkjVQNZhrxA,https://www.youtube.com/watch?v=LkjVQNZhrxA,"O Extensionista: Pesquisa, Ensino e Extensão - Ezequiel Redin","Rede Aurora",auto,pt,"downloads/redeauroraater/#115 - O Extensionista- Pesquisa, Ensino e Extensão - Ezequiel Redin {Rede Aurora}.txt"
116,rhdhOtwOIOM,https://www.youtube.com/watch?v=rhdhOtwOIOM,"Direto ao ponto: Qual a repercussão do canal O Extensionista com os agricultores?","Rede Aurora",auto,pt,"downloads/redeauroraater/#116 - Direto ao ponto- Qual a repercussão do canal O Extensionista com os agricultores- {Rede Aurora}.txt"
117,zhVRQjEM-NI,https://www.youtube.com/watch?v=zhVRQjEM-NI,"Direto ao ponto: O uso das redes sociais como fator de inovação na pecuária brasileira - Mara Ramos","Rede Aurora",auto,pt,"downloads/redeauroraater/#117 - Direto ao ponto- O uso das redes sociais como fator de inovação na pecuária brasileira - Mara Ramos {Rede Aurora}.txt"
118,97xM0eEk5BY,https://www.youtube.com/watch?v=97xM0eEk5BY,"Direto ao ponto: Reflexões e experiências sobre Ater Digital pela Emater (DF) - Renato Lopes","Rede Aurora",auto,pt,"downloads/redeauroraater/#118 - Direto ao ponto- Reflexões e experiências sobre Ater Digital pela Emater (DF) - Renato Lopes {Rede Aurora}.txt"
119,_JGWmiZ4pHs,https://www.youtube.com/watch?v=_JGWmiZ4pHs,"Direto ao ponto: O papel do extensionista entre pesquisadores e produtores rurais - Silvia Gomes","Rede Aurora",auto,pt,"downloads/redeauroraater/#119 - Direto ao ponto- O papel do extensionista entre pesquisadores e produtores rurais - Silvia Gomes {Rede Aurora}.txt"
120,v8c0EhPT2yY,https://www.youtube.com/watch?v=v8c0EhPT2yY,"Direto ao ponto: Projeto Mulheres do Café (Paraná) - Cíntia Mara Lopes de Souza","Rede Aurora",auto,pt,"downloads/redeauroraater/#120 - Direto ao ponto- Projeto Mulheres do Café (Paraná) - Cíntia Mara Lopes de Souza {Rede Aurora}.txt"
121,N3YitJcIMho,https://www.youtube.com/watch?v=N3YitJcIMho,"Direto ao ponto: Ater Digital para agricultura familiar no pós-Covid-19 - Kleber Pettan","Rede Aurora",auto,pt,"downloads/redeauroraater/#121 - Direto ao ponto- Ater Digital para agricultura familiar no pós-Covid-19 - Kleber Pettan {Rede Aurora}.txt"
122,AMpn4jn0QdE,https://www.youtube.com/watch?v=AMpn4jn0QdE,"O uso do WhatsApp por mulheres produtoras de café em tempos de Covid-19 – Bianca Mayara Mendes","Rede Aurora",auto,pt,"downloads/redeauroraater/#122 - O uso do WhatsApp por mulheres produtoras de café em tempos de Covid-19 – Bianca Mayara Mendes {Rede Aurora}.txt"
123,5SMnMh1NkVo,https://www.youtube.com/watch?v=5SMnMh1NkVo,"Direto ao ponto: Estratégias de comunicação na Ater Digital na Fundação Itesp -  Anderson Hazenfratz","Rede Aurora",auto,pt,"downloads/redeauroraater/#123 - Direto ao ponto- Estratégias de comunicação na Ater Digital na Fundação Itesp - Anderson Hazenfratz {Rede Aurora}.txt"
124,UMKbiPreC7c,https://www.youtube.com/watch?v=UMKbiPreC7c,"Direto ao ponto: A Ater Digital na Fundação Itesp -  Anderson Hazenfratz","Rede Aurora",auto,pt,"downloads/redeauroraater/#124 - Direto ao ponto- A Ater Digital na Fundação Itesp - Anderson Hazenfratz {Rede Aurora}.txt"
125,z6Vew8uJfmU,https://www.youtube.com/watch?v=z6Vew8uJfmU,"Direto ao ponto: Facebook, informação e memória na Fundação Itesp -  Anderson Hazenfratz","Rede Aurora",auto,pt,"downloads/redeauroraater/#125 - Direto ao ponto- Facebook, informação e memória na Fundação Itesp - Anderson Hazenfratz {Rede Aurora}.txt"
126,W8VUZ1WVFrY,https://www.youtube.com/watch?v=W8VUZ1WVFrY,"Direto ao ponto: Ater Digital Fundação Itesp: Contexto Histórico - Anderson Hazenfratz","Rede Aurora",auto,pt,"downloads/redeauroraater/#126 - Direto ao ponto- Ater Digital Fundação Itesp- Contexto Histórico - Anderson Hazenfratz {Rede Aurora}.txt"
127,poldM9LS6ko,https://www.youtube.com/watch?v=poldM9LS6ko,"Como podemos combater e desinformação e fake news nos territórios rurais?","Rede Aurora",auto,pt,"downloads/redeauroraater/#127 - Como podemos combater e desinformação e fake news nos territórios rurais- {Rede Aurora}.txt"
128,TDXJQGzM-YY,https://www.youtube.com/watch?v=TDXJQGzM-YY,"Como é a comunicação digital no campo em outros países de referência como Nova Zelândia e Singapura?","Rede Aurora",auto,pt,"downloads/redeauroraater/#128 - Como é a comunicação digital no campo em outros países de referência como Nova Zelândia e Singapura- {Rede Aurora}.txt"
129,wI_DhtOiSg4,https://www.youtube.com/watch?v=wI_DhtOiSg4,"Qual importância da interação dialógica entre extensionista e produtor rural para uma Ater Digital?","Rede Aurora",auto,pt,"downloads/redeauroraater/#129 - Qual importância da interação dialógica entre extensionista e produtor rural para uma Ater Digital- {Rede Aurora}.txt"
130,4--xhlbhtho,https://www.youtube.com/watch?v=4--xhlbhtho,"Como é a acessibilidade dos agricultores pelos aplicativos e o uso da gamificação na Ater Digital?","Rede Aurora",auto,pt,"downloads/redeauroraater/#130 - Como é a acessibilidade dos agricultores pelos aplicativos e o uso da gamificação na Ater Digital- {Rede Aurora}.txt"
131,Kt_zYYp9pUU,https://www.youtube.com/watch?v=Kt_zYYp9pUU,"Como os extensionistas rurais se comunicaram com os agricultores durante a pandemia?","Rede Aurora",auto,pt,"downloads/redeauroraater/#131 - Como os extensionistas rurais se comunicaram com os agricultores durante a pandemia- {Rede Aurora}.txt"
132,3Tmqd0JO9jI,https://www.youtube.com/watch?v=3Tmqd0JO9jI,"O 5G será a salvação ou problema para a Ater Digital?","Rede Aurora",auto,pt,"downloads/redeauroraater/#132 - O 5G será a salvação ou problema para a Ater Digital- {Rede Aurora}.txt"
133,FNLCyGXhq_A,https://www.youtube.com/watch?v=FNLCyGXhq_A,"Ater Digital para agricultura familiar no pós-Covid-19 - Kleber Pettan","Rede Aurora",auto,pt,"downloads/redeauroraater/#133 - Ater Digital para agricultura familiar no pós-Covid-19 - Kleber Pettan {Rede Aurora}.txt"
134,E1foS-TROtU,https://www.youtube.com/watch?v=E1foS-TROtU,"O uso das redes sociais como fator de inovação na pecuária brasileira - Mara Ramos","Rede Aurora",auto,pt,"downloads/redeauroraater/#134 - O uso das redes sociais como fator de inovação na pecuária brasileira - Mara Ramos {Rede Aurora}.txt"
135,opAfiPMwXng,https://www.youtube.com/watch?v=opAfiPMwXng,"O papel do extensionista entre pesquisadores e produtores rurais - Silvia Cristina Vieira Gomes","Rede Aurora",auto,pt,"downloads/redeauroraater/#135 - O papel do extensionista entre pesquisadores e produtores rurais - Silvia Cristina Vieira Gomes {Rede Aurora}.txt"
136,eAACiKYOqAo,https://www.youtube.com/watch?v=eAACiKYOqAo,"Novas perspectivas para as cadeias produtivas agroalimentares agroecológicas - Sergio Schneider","Rede Aurora",auto,pt,"downloads/redeauroraater/#136 - Novas perspectivas para as cadeias produtivas agroalimentares agroecológicas - Sergio Schneider {Rede Aurora}.txt"
137,QYvvV9S6v2M,https://www.youtube.com/watch?v=QYvvV9S6v2M,"Projeto Mulheres do Café (Paraná) - Cíntia Mara Lopes de Souza","Rede Aurora",auto,pt,"downloads/redeauroraater/#137 - Projeto Mulheres do Café (Paraná) - Cíntia Mara Lopes de Souza {Rede Aurora}.txt"
138,wyZzvnAsdHg,https://www.youtube.com/watch?v=wyZzvnAsdHg,"Reflexões e experiências sobre Ater Digital desenvolvidas pela Emater (DF) - Renato Lopes","Rede Aurora",auto,pt,"downloads/redeauroraater/#138 - Reflexões e experiências sobre Ater Digital desenvolvidas pela Emater (DF) - Renato Lopes {Rede Aurora}.txt"
139,J0I-vCJ9T_U,https://www.youtube.com/watch?v=J0I-vCJ9T_U,"Tecnologia da Informação na Extensão Rural #redeaurora","Rede Aurora",auto,pt,"downloads/redeauroraater/#139 - Tecnologia da Informação na Extensão Rural #redeaurora {Rede Aurora}.txt"
140,zeKHpk682Rk,https://www.youtube.com/watch?v=zeKHpk682Rk,"Tecnologias digitais na produção rural  #extensãorural #redeaurora #extensionistarural #tecnologia","Rede Aurora",auto,pt,"downloads/redeauroraater/#140 - Tecnologias digitais na produção rural #extensãorural #redeaurora #extensionistarural #tecnologia {Rede Aurora}.txt"
141,3ckDoub3So0,https://www.youtube.com/watch?v=3ckDoub3So0,"Desafios da comunicação no campo em Luxemburgo #extensãorural #redeaurora #diálogos #oextensionista","Rede Aurora",auto,pt,"downloads/redeauroraater/#141 - Desafios da comunicação no campo em Luxemburgo #extensãorural #redeaurora #diálogos #oextensionista {Rede Aurora}.txt"
142,x6I5ejFyNOo,https://www.youtube.com/watch?v=x6I5ejFyNOo,"Reconhecimento do diploma EU  #extensãorural #luxembourg  #diploma #veterinaria  #redeaurora","Rede Aurora",auto,pt,"downloads/redeauroraater/#142 - Reconhecimento do diploma EU #extensãorural #luxembourg #diploma #veterinaria #redeaurora {Rede Aurora}.txt"
143,2kEWNx_8-Wg,https://www.youtube.com/watch?v=2kEWNx_8-Wg,"Latifúndio em Moçambique #extensãorural #redeaurora #aterdigital #diálogos #ater #oextensionista","Rede Aurora",auto,pt,"downloads/redeauroraater/#143 - Latifúndio em Moçambique #extensãorural #redeaurora #aterdigital #diálogos #ater #oextensionista {Rede Aurora}.txt"
144,D5J_pqInIqI,https://www.youtube.com/watch?v=D5J_pqInIqI,"Criando o ZAP Rural #aterdigital  #extensãorural #redeaurora #diálogos #oextensionista","Rede Aurora",auto,pt,"downloads/redeauroraater/#144 - Criando o ZAP Rural #aterdigital #extensãorural #redeaurora #diálogos #oextensionista {Rede Aurora}.txt"
145,1-mBM_280zY,https://www.youtube.com/watch?v=1-mBM_280zY,"WhatsApp ferramenta de comunicação #extensãorural #redeaurora #extensionistarural #aterdigital","Rede Aurora",auto,pt,"downloads/redeauroraater/#145 - WhatsApp ferramenta de comunicação #extensãorural #redeaurora #extensionistarural #aterdigital {Rede Aurora}.txt"
146,t_P2pbceJaY,https://www.youtube.com/watch?v=t_P2pbceJaY,"Ação do Profissional de Ater #extensãorural #extensionistarural #aterdigital #agro #pandemia","Rede Aurora",auto,pt,"downloads/redeauroraater/#146 - Ação do Profissional de Ater #extensãorural #extensionistarural #aterdigital #agro #pandemia {Rede Aurora}.txt"
147,XUfPLiPdDmQ,https://www.youtube.com/watch?v=XUfPLiPdDmQ,"Início da Comunicação Digital #extensãorural #redeaurora #ater #agro","Rede Aurora",auto,pt,"downloads/redeauroraater/#147 - Início da Comunicação Digital #extensãorural #redeaurora #ater #agro {Rede Aurora}.txt"
1,I4oNUHecxRA,https://www.youtube.com/watch?v=I4oNUHecxRA,"O papel dos canais de Comunicação e das Fontes de Informação na Promoção de Inovações","Rodrigo Montalvão Ferraz",auto,pt,"downloads/redeauroraater/#001 - O papel dos canais de Comunicação e das Fontes de Informação na Promoção de Inovações {Rodrigo Montalvão Ferraz}.txt"
2,d2egoIki6MY,https://www.youtube.com/watch?v=d2egoIki6MY,"Agricultura Familiar e Agroecologia no Contexto Internacional","Andre Augusto Michelato Ghizelini",auto,pt,"downloads/redeauroraater/#002 - Agricultura Familiar e Agroecologia no Contexto Internacional {Andre Augusto Michelato Ghizelini}.txt"
3,XWWEGyi2lwM,https://www.youtube.com/watch?v=XWWEGyi2lwM,"Meu Imóvel Rural ferramenta para autonomia","Carlos Mário Guedes de Guedes - INCRA",auto,pt,"downloads/redeauroraater/#003 - Meu Imóvel Rural ferramenta para autonomia {Carlos Mário Guedes de Guedes - INCRA}.txt"
4,WLsLdgfN5JM,https://www.youtube.com/watch?v=WLsLdgfN5JM,"Extensão universitária para o desenvolvimento de destino de cicloturismo","Clarice Bastarz - UFPR",auto,pt,"downloads/redeauroraater/#004 - Extensão universitária para o desenvolvimento de destino de cicloturismo {Clarice Bastarz - UFPR}.txt"
5,767OxutU0I4,https://www.youtube.com/watch?v=767OxutU0I4,"O uso das redes sociais como ferramenta de aprendizagem junto aos agricultores familiares","Renato Antônio da Silva - Emater/RN",auto,pt,"downloads/redeauroraater/#005 - O uso das redes sociais como ferramenta de aprendizagem junto aos agricultores familiares {Renato Antônio da Silva - Emater-RN}.txt"
6,V2vmGx1j6Ck,https://www.youtube.com/watch?v=V2vmGx1j6Ck,"A experiência de formação em Extensão Rural e Agroecologia","Nina Paula Ferreira Laranjeira - UnB",auto,pt,"downloads/redeauroraater/#006 - A experiência de formação em Extensão Rural e Agroecologia {Nina Paula Ferreira Laranjeira - UnB}.txt"
7,buowq0S7-xE,https://www.youtube.com/watch?v=buowq0S7-xE,"Promovendo a digitalização inclusiva na Amazônia Paraense","Denis Rodrigues de Oliveira",auto,pt,"downloads/redeauroraater/#007 - Promovendo a digitalização inclusiva na Amazônia Paraense {Denis Rodrigues de Oliveira}.txt"
8,p8WNd6rhxno,https://www.youtube.com/watch?v=p8WNd6rhxno,"Ater pública frente à digitalização na agricultura: construção e perspectivas","Alice Alcântara",auto,pt,"downloads/redeauroraater/#008 - Ater pública frente à digitalização na agricultura- construção e perspectivas {Alice Alcântara}.txt"
9,Jz8QTrKGMMI,https://www.youtube.com/watch?v=Jz8QTrKGMMI,"O uso de redes sociais pela agricultura familiar para ampliar a comercialização","Livio Sergio Dias Claudino (Unifesspa) e Graciele dos Prazeres Pustilnik (UFRGS)",auto,pt,"downloads/redeauroraater/#009 - O uso de redes sociais pela agricultura familiar para ampliar a comercialização {Livio Sergio Dias Claudino (Unifesspa) e Graciele dos Prazeres Pustilnik (UFRGS)}.txt"
10,Ooht7sdX5Ts,https://www.youtube.com/watch?v=Ooht7sdX5Ts,"Avaliando os efeitos da Extensão Rural na produtividade em um sistema pluralista","Adauto B. Rocha Junior - Universidade de Missoure",auto,pt,"downloads/redeauroraater/#010 - Avaliando os efeitos da Extensão Rural na produtividade em um sistema pluralista {Adauto B. Rocha Junior - Universidade de Missoure}.txt"
11,ilfn593UOlw,https://www.youtube.com/watch?v=ilfn593UOlw,"Inteligência coletiva na Agricultura: como a IA fortalece a colaboração entre campo e laboratório","Carlos Catalão Alves - Nova FCSH",auto,pt,"downloads/redeauroraater/#011 - Inteligência coletiva na Agricultura- como a IA fortalece a colaboração entre campo e laboratório {Carlos Catalão Alves - Nova FCSH}.txt"
12,avCGvUHjBpc,https://www.youtube.com/watch?v=avCGvUHjBpc,"A linguagem clara como estratégia de extensão rural, em Portugal","Cristina Nobre Soares – Comunicação Clara de Ciência",auto,pt,"downloads/redeauroraater/#012 - A linguagem clara como estratégia de extensão rural, em Portugal {Cristina Nobre Soares – Comunicação Clara de Ciência}.txt"
13,EaI5702vijc,https://www.youtube.com/watch?v=EaI5702vijc,"Desafios da Extensão Rural Contemporânea","Thiago Vasconcelos Melo - UFVJM",auto,pt,"downloads/redeauroraater/#013 - Desafios da Extensão Rural Contemporânea {Thiago Vasconcelos Melo - UFVJM}.txt"
14,Z5IsArW1rho,https://www.youtube.com/watch?v=Z5IsArW1rho,"ATER Digital e Desenvolvimento Rural Sustentável: experiências do setor algodoeiro","Ingrid Zabaleta Chaustre",auto,pt,"downloads/redeauroraater/#014 - ATER Digital e Desenvolvimento Rural Sustentável- experiências do setor algodoeiro {Ingrid Zabaleta Chaustre}.txt"
15,KT7qnCzvdnc,https://www.youtube.com/watch?v=KT7qnCzvdnc,"Agricultura urbana: o caso exitoso de Maringá","Ednaldo Michellon – DAG/UEM",auto,pt,"downloads/redeauroraater/#015 - Agricultura urbana- o caso exitoso de Maringá {Ednaldo Michellon – DAG-UEM}.txt"
16,SXdCNI8zBQc,https://www.youtube.com/watch?v=SXdCNI8zBQc,"Transformando a Extensão Rural: Projeto Piloto Epagri e ATER+ Digital","Humberto Bicca Neto (EPAGRI)",auto,pt,"downloads/redeauroraater/#016 - Transformando a Extensão Rural- Projeto Piloto Epagri e ATER+ Digital {Humberto Bicca Neto (EPAGRI)}.txt"
17,uv9GJrGyjrs,https://www.youtube.com/watch?v=uv9GJrGyjrs,"Extensão universitária e sustentabilidade em rede: a experiência do assentamento rural Itamarati","Juliana Carrijo",auto,pt,"downloads/redeauroraater/#017 - Extensão universitária e sustentabilidade em rede- a experiência do assentamento rural Itamarati {Juliana Carrijo}.txt"
18,gvXA0MC-Oyc,https://www.youtube.com/watch?v=gvXA0MC-Oyc,"Construindo caminhos para a criação agroecológica de animais","Juliana Vieira Paz – Yamandú Agroecologia",auto,pt,"downloads/redeauroraater/#018 - Construindo caminhos para a criação agroecológica de animais {Juliana Vieira Paz – Yamandú Agroecologia}.txt"
19,bhRDIRkoLwE,https://www.youtube.com/watch?v=bhRDIRkoLwE,"Plataforma Ater+ Digital: Hubs desenvolvidos pela Embrapa Meio Ambiente","Luciano Lourenço Nass (Embrapa)",auto,pt,"downloads/redeauroraater/#019 - Plataforma Ater+ Digital- Hubs desenvolvidos pela Embrapa Meio Ambiente {Luciano Lourenço Nass (Embrapa)}.txt"
20,3I4kSaD1sNs,https://www.youtube.com/watch?v=3I4kSaD1sNs,"Uso das mídias digitais na ATER","Flavia Maria de Oliveira Ott (EPAGRI), Filipe Espíndola (EPAGRI) e Leandro Correia Ebert (EMATER/RS-Ascar)",auto,pt,"downloads/redeauroraater/#020 - Uso das mídias digitais na ATER {Flavia Maria de Oliveira Ott (EPAGRI), Filipe Espíndola (EPAGRI) e Leandro Correia Ebert (EMATER-RS-Ascar)}.txt"
21,GTeFj6ZTJ7Q,https://www.youtube.com/watch?v=GTeFj6ZTJ7Q,"Desenvolvimento rural em tempos de transformação: desafios e possibilidades","Cidonea Machado Deponti - UNISC",auto,pt,"downloads/redeauroraater/#021 - Desenvolvimento rural em tempos de transformação- desafios e possibilidades {Cidonea Machado Deponti - UNISC}.txt"
22,OrJJhkyK_d4,https://www.youtube.com/watch?v=OrJJhkyK_d4,"PAS Nordeste e as Redes Territoriais de ATER","Jose Humberto Oliveira - IICA",auto,pt,"downloads/redeauroraater/#022 - PAS Nordeste e as Redes Territoriais de ATER {Jose Humberto Oliveira - IICA}.txt"
23,4-fNOfi7AwU,https://www.youtube.com/watch?v=4-fNOfi7AwU,"Perspectivas digitais para a ATER: digitalização, letramento digital, autodeclaração e p. públicas","Mário Lucio de Avila - Programa de Pós-Graduação em Meio Ambiente e Desenvolvimento Rural (MADER-UnB)",auto,pt,"downloads/redeauroraater/#023 - Perspectivas digitais para a ATER- digitalização, letramento digital, autodeclaração e p. públicas {Mário Lucio de Avila - Programa de Pós-Graduação em Meio Ambiente e Desenvolvimento Rural (MADER-UnB)}.txt"
24,GP4ZtB5TmZQ,https://www.youtube.com/watch?v=GP4ZtB5TmZQ,"Semeando mensagens, colhendo diálogos: a comunicação rural e o uso do WhatsApp","Gabriel Arroyo - Universidade de Araraquara",auto,pt,"downloads/redeauroraater/#024 - Semeando mensagens, colhendo diálogos- a comunicação rural e o uso do WhatsApp {Gabriel Arroyo - Universidade de Araraquara}.txt"
25,OmEJCAXaBlg,https://www.youtube.com/watch?v=OmEJCAXaBlg,"Segurança Alimentar e Qualidade de Vida contribuições do Pila Verde e Pila Azul","Tiago Gorski Lacerda - Santiago/RS",auto,pt,"downloads/redeauroraater/#025 - Segurança Alimentar e Qualidade de Vida contribuições do Pila Verde e Pila Azul {Tiago Gorski Lacerda - Santiago-RS}.txt"
26,mxxvhRNuobQ,https://www.youtube.com/watch?v=mxxvhRNuobQ,"Caminhadas Internacional na Natureza Extensão Rural como protagonista do turismo","Monique Chaves – Emater/RS-Ascar",auto,pt,"downloads/redeauroraater/#026 - Caminhadas Internacional na Natureza Extensão Rural como protagonista do turismo {Monique Chaves – Emater-RS-Ascar}.txt"
27,upu1HEnvGRA,https://www.youtube.com/watch?v=upu1HEnvGRA,"Ações da Extensão Rural impactos das chuvas, cheias e estiagem no Rio Grande do Sul","Katiule Pereira Morais – Emater/RS-Ascar",auto,pt,"downloads/redeauroraater/#027 - Ações da Extensão Rural impactos das chuvas, cheias e estiagem no Rio Grande do Sul {Katiule Pereira Morais – Emater-RS-Ascar}.txt"
28,sTEJFU7Jmvg,https://www.youtube.com/watch?v=sTEJFU7Jmvg,"A cidadania alimentar para a transformação dos sistemas alimentares","Gustavo Pinto da Silva",auto,pt,"downloads/redeauroraater/#028 - A cidadania alimentar para a transformação dos sistemas alimentares {Gustavo Pinto da Silva}.txt"
29,n88jNHcE4bo,https://www.youtube.com/watch?v=n88jNHcE4bo,"A educação em saúde na prevenção da Cria Pútrida Americana","Miriam Sayuri Sassaki",auto,pt,"downloads/redeauroraater/#029 - A educação em saúde na prevenção da Cria Pútrida Americana {Miriam Sayuri Sassaki}.txt"
30,4iSUMoci9JI,https://www.youtube.com/watch?v=4iSUMoci9JI,"Avaliação do Balanço da PNATER 2023 2024   DATER MDA","Marcus Peixoto",auto,pt,"downloads/redeauroraater/#030 - Avaliação do Balanço da PNATER 2023 2024 DATER MDA {Marcus Peixoto}.txt"
31,TnnR_SB41Cc,https://www.youtube.com/watch?v=TnnR_SB41Cc,"Ações com PCDs na Extensão Social","Flávia Maria de Oliveira Ott – Epagri",auto,pt,"downloads/redeauroraater/#031 - Ações com PCDs na Extensão Social {Flávia Maria de Oliveira Ott – Epagri}.txt"
32,uSUtmuU1awY,https://www.youtube.com/watch?v=uSUtmuU1awY,"Sistema Asbraer para formação de extensionistas e uso de tecnologia no campo","Luciano Brandão – Asbraer",auto,pt,"downloads/redeauroraater/#032 - Sistema Asbraer para formação de extensionistas e uso de tecnologia no campo {Luciano Brandão – Asbraer}.txt"
33,2h00rmcaZi0,https://www.youtube.com/watch?v=2h00rmcaZi0,"ATERS com povos tradicionais quilombolas do RS","Regina da Silva Miranda– Emater/RS-Ascar",auto,pt,"downloads/redeauroraater/#033 - ATERS com povos tradicionais quilombolas do RS {Regina da Silva Miranda– Emater-RS-Ascar}.txt"
34,Q_3Ridp-wuw,https://www.youtube.com/watch?v=Q_3Ridp-wuw,"Desafios e oportunidades da produção orgânica na agricultura familiar","Gilmar Francisco Vione – Emater/RS-Ascar",auto,pt,"downloads/redeauroraater/#034 - Desafios e oportunidades da produção orgânica na agricultura familiar {Gilmar Francisco Vione – Emater-RS-Ascar}.txt"
35,MCWArS77pK8,https://www.youtube.com/watch?v=MCWArS77pK8,"Homeopatia como ferramenta de saúde e qualidade de vida no campo","Doriana Gozzi Miotto – Emater/RS-Ascar",auto,pt,"downloads/redeauroraater/#035 - Homeopatia como ferramenta de saúde e qualidade de vida no campo {Doriana Gozzi Miotto – Emater-RS-Ascar}.txt"
36,ppNW5gkBxJo,https://www.youtube.com/watch?v=ppNW5gkBxJo,"Tecnologia da Informação e Agricultura Familiar potências e desafios","Mauricio Leonard de Souza – UFOP",auto,pt,"downloads/redeauroraater/#036 - Tecnologia da Informação e Agricultura Familiar potências e desafios {Mauricio Leonard de Souza – UFOP}.txt"
37,aFWfhRy6xg8,https://www.youtube.com/watch?v=aFWfhRy6xg8,"Metodologias participativas na Extensão Rural no contexto do Semiárido Brasileiro","Helder Ribeiro Freitas – UNIVASF",auto,pt,"downloads/redeauroraater/#037 - Metodologias participativas na Extensão Rural no contexto do Semiárido Brasileiro {Helder Ribeiro Freitas – UNIVASF}.txt"
38,XSO6Yjk2Xxo,https://www.youtube.com/watch?v=XSO6Yjk2Xxo,"A construção do conhecimento em ATER feminista e agroecológica no Nordeste do Brasil","Laeticia Medeiros Jalil - UFRPE -  Serra Talhada",auto,pt,"downloads/redeauroraater/#038 - A construção do conhecimento em ATER feminista e agroecológica no Nordeste do Brasil {Laeticia Medeiros Jalil - UFRPE - Serra Talhada}.txt"
39,kbojPeBY1js,https://www.youtube.com/watch?v=kbojPeBY1js,"Plano de vida rural ATER digital e inovações em negócios de impacto socioambiental","Sebastião Pereira de Faria Júnior – MDS Saúde Animal",auto,pt,"downloads/redeauroraater/#039 - Plano de vida rural ATER digital e inovações em negócios de impacto socioambiental {Sebastião Pereira de Faria Júnior – MDS Saúde Animal}.txt"
40,DEs45k8vcoA,https://www.youtube.com/watch?v=DEs45k8vcoA,"Experiência de ater de qualidade na pandemia","Diego Adilio da Silva – EPAGRI/SC",auto,pt,"downloads/redeauroraater/#040 - Experiência de ater de qualidade na pandemia {Diego Adilio da Silva – EPAGRI-SC}.txt"
41,_M9K_iyyZlE,https://www.youtube.com/watch?v=_M9K_iyyZlE,"Continuidade ou fim da Extensão Rural pública Um cenário de disputas","Marines Rosali Bock – EMATER/RS-ASCAR",auto,pt,"downloads/redeauroraater/#041 - Continuidade ou fim da Extensão Rural pública Um cenário de disputas {Marines Rosali Bock – EMATER-RS-ASCAR}.txt"
